gene_id,baseMean,log2FoldChange,lfcSE,stat,pvalue,padj,weight,symbol,entrez,shrunkLFC,class
ENSG00000006071,292.7286683,0.709094215,0.175052929,4.050741795,5.10555E-05,0.007253924,0.728656052,ABCC8,6833,0.574652339,Up*
ENSG00000006377,448.6523627,-1.229661872,0.359629907,-3.419242525,0.000627957,0.040735198,1.003606999,DLX6,1750,-0.569866586,Down*
ENSG00000006534,26.94277904,-1.209166109,0.373697177,-3.235684356,0.001213515,0.034435145,2.43456659,ALDH3B1,221,-0.444595287,Down*
ENSG00000007372,967.5889488,-2.098163956,0.357926438,-5.861997706,4.57331E-09,1.56464E-06,0.920535377,PAX6,5080,-2.024823747,Down*
ENSG00000012817,904.2175412,-4.375028306,0.481676802,-9.082912616,1.05707E-19,2.32073E-16,0.498961552,KDM5D,8284,-4.199202324,Down*
ENSG00000013619,425.6417309,1.191533582,0.293174692,4.064244341,4.81883E-05,0.004898743,1.063691227,MAMLD1,10046,0.896242598,Up*
ENSG00000021826,134.5659119,-1.081392092,0.275383688,-3.926856011,8.60635E-05,0.004575614,2.078494794,CPS1,1373,-0.775628206,Down*
ENSG00000022556,299.4267056,6.810076721,0.620652897,10.97244008,5.18538E-28,1.54458E-24,0.845833024,NLRP2,55655,6.549800444,Up*
ENSG00000034693,252.4163089,-0.274845831,0.093789803,-2.930444697,0.003384772,0.078444689,2.154407114,PEX3,8504,-0.138901873,Down*
ENSG00000043355,457.718399,-1.716925823,0.360466452,-4.763066885,1.90673E-06,0.000338669,1.003606999,ZIC2,7546,-1.561107934,Down*
ENSG00000047644,791.3085945,0.304748078,0.079169517,3.849310801,0.000118451,0.013823132,0.752252064,WWC3,55841,0.24204155,Up*
ENSG00000053438,12029.66615,4.112062195,0.29081497,14.13978858,2.15932E-45,4.0066E-41,0.678930682,NNAT,4826,4.048705806,Up*
ENSG00000056998,668.0895689,0.610816327,0.189199907,3.2284177,0.001244771,0.071678315,0.890250356,GYG2,8908,0.326863968,Up*
ENSG00000064651,842.9332565,-0.275802197,0.086787231,-3.177912176,0.001483397,0.080819063,0.890250356,SLC12A2,6558,-0.166758575,Down*
ENSG00000065621,121.2396801,-0.663162348,0.20344272,-3.259700552,0.001115299,0.036148071,2.078494794,GSTO2,119391,-0.353625827,Down*
ENSG00000066248,84.57899543,-0.940389987,0.279866655,-3.360135877,0.000779041,0.034695426,1.541475579,NGEF,25791,-0.46430974,Down*
ENSG00000066382,648.7805953,0.749564698,0.225686232,3.321269055,0.000896091,0.050943155,1.063691227,MPPED2,744,0.400895105,Up*
ENSG00000067048,2126.537373,-3.866991731,0.614791235,-6.289926584,3.17616E-10,3.2123E-07,0.341254491,DDX3Y,8653,-3.606700745,Down*
ENSG00000067334,819.9270954,0.355012737,0.107785946,3.293683003,0.000988839,0.072397997,0.69801811,DNTTIP2,30836,0.22305989,Up*
ENSG00000067646,96.42363728,-3.119595907,0.547414934,-5.698777494,1.2067E-08,1.72096E-06,2.154407114,ZFY,7544,-2.939246436,Down*
ENSG00000068781,56.6876202,-1.805708038,0.357123621,-5.05625484,4.2757E-07,4.3577E-05,2.187691391,STON1-GTF2A1L,286749,-1.687251238,Down*
ENSG00000068903,830.4238088,0.272519927,0.07921103,3.440429037,0.000580793,0.041612736,0.890250356,SIRT2,22933,0.189576707,Up*
ENSG00000069275,9541.25247,-0.313149083,0.074885484,-4.181706072,2.8933E-05,0.003602964,0.941042546,NUCKS1,64710,-0.265175834,Down*
ENSG00000069431,127.1828106,-1.087439271,0.368477226,-2.951170912,0.003165717,0.076901879,2.078494794,ABCC9,10060,-0.280027742,Down*
ENSG00000070193,46.90173443,1.296597062,0.462841363,2.801385452,0.00508837,0.094033668,2.43456659,FGF10,2255,0.228476824,Up*
ENSG00000072315,62.54765092,1.828346267,0.465686134,3.92613422,8.6322E-05,0.004447155,2.154407114,TRPC5,7224,1.324828197,Up*
ENSG00000073792,2580.629781,-0.313745325,0.081287197,-3.859713903,0.00011352,0.011297643,0.910654292,IGF2BP2,10644,-0.250040862,Down*
ENSG00000073803,841.9682731,0.715422429,0.096596665,7.406284996,1.29887E-13,9.18981E-11,0.890250356,MAP3K13,9175,0.683271693,Up*
ENSG00000075407,346.347002,2.36495947,0.225527916,10.48632697,9.98343E-26,2.32229E-22,0.902601561,ZNF37A,7587,2.339762199,Up*
ENSG00000077274,3711.167977,1.39993978,0.306077,4.57381568,4.78921E-06,0.000798209,0.910654292,CAPN6,827,1.203850579,Up*
ENSG00000077522,128.9781778,0.731944757,0.252210923,2.902113625,0.003706541,0.081464012,2.187691391,ACTN2,88,0.240706169,Up*
ENSG00000080166,50.3624648,1.018527841,0.347724238,2.929125238,0.003399174,0.096920573,1.541475579,DCT,1638,0.267165629,Up*
ENSG00000080561,211.5892039,0.927589616,0.169643225,5.467884815,4.55438E-08,6.06957E-06,2.017914586,MID2,11043,0.834017637,Up*
ENSG00000080644,83.83695326,-1.149988441,0.355034279,-3.239091295,0.001199112,0.03709834,2.154407114,CHRNA3,1136,-0.436800145,Down*
ENSG00000081842,309.9485027,-1.066300996,0.161705711,-6.594083725,4.2789E-11,1.6892E-08,1.063691227,PCDHA6,56142,-0.992485557,Down*
ENSG00000084453,364.4482979,-0.680296604,0.151232323,-4.49835453,6.84814E-06,0.001113848,0.890250356,SLCO1A2,6579,-0.594736135,Down*
ENSG00000086205,60.33797714,5.03135404,0.673083336,7.475083354,7.71549E-14,2.65382E-11,2.154407114,FOLH1,2346,4.678177912,Up*
ENSG00000088298,168.0189796,0.510731833,0.175422862,2.911432569,0.003597756,0.080454942,2.187691391,EDEM2,55741,0.208744334,Up*
ENSG00000092377,8.389361055,-3.746451106,0.650026185,-5.763538754,8.23683E-09,3.72602E-06,0.63291661,TBL1Y,90665,-3.462991322,Down*
ENSG00000093010,137.5173418,-2.111345206,0.380178966,-5.553556075,2.79916E-08,3.92689E-06,2.017914586,COMT,1312,-2.02481579,Down*
ENSG00000099139,278.3394755,-1.305596354,0.315305488,-4.14073463,3.46195E-05,0.004338811,0.890250356,PCSK5,5125,-1.010699978,Down*
ENSG00000099715,78.99909367,-2.068823441,0.585245596,-3.53496627,0.000407827,0.01691692,2.017914586,PCDH11Y,83259,-1.026609872,Down*
ENSG00000099725,225.9982354,-3.799541901,0.519192544,-7.318175008,2.51366E-13,7.81281E-11,2.078494794,PRKY,5616,-3.613013785,Down*
ENSG00000099984,1.554594028,21.71586004,4.532538983,4.791102762,1.65867E-06,0.001836034,0.119168298,GSTT2,2953,19.41346937,Up*
ENSG00000100033,27.61579209,-2.134963726,0.501866675,-4.254045608,2.09943E-05,0.001364,2.154407114,PRODH,5625,-1.820038874,Down*
ENSG00000100060,106.3349527,-1.1274443,0.344618384,-3.271573284,0.001069509,0.034435145,2.154407114,MFNG,4242,-0.452340456,Down*
ENSG00000101417,111.9214999,-1.356183823,0.267380985,-5.072102718,3.93444E-07,4.25824E-05,2.078494794,PXMP4,11264,-1.216872499,Down*
ENSG00000101843,1354.465119,0.439654118,0.097160337,4.525036985,6.03849E-06,0.002139301,0.359174829,PSMD10,5716,0.394493602,Up*
ENSG00000101883,9.914173757,4.357882807,0.70891118,6.147290278,7.88178E-10,3.31818E-07,0.803157611,RHOXF1,158800,3.991653431,Up*
ENSG00000102054,2467.825512,0.32801888,0.091271177,3.593893383,0.000325773,0.036340374,0.602294702,RBBP7,5931,0.240955631,Up*
ENSG00000102287,145.1945488,1.269948812,0.27539602,4.611354997,4.00053E-06,0.00033146,2.187691391,GABRE,2564,1.083069775,Up*
ENSG00000102316,4672.254183,0.320879458,0.080393808,3.991345426,6.56995E-05,0.009270332,0.678930682,MAGED2,10916,0.263456675,Up*
ENSG00000105251,257.1975494,-0.699969646,0.235986042,-2.966148508,0.003015548,0.071678315,2.154407114,SHD,56961,-0.258853864,Down*
ENSG00000105404,373.4125939,0.395230567,0.125921042,3.138717418,0.00169689,0.088278917,0.890250356,RABAC1,10567,0.218353732,Up*
ENSG00000105808,2666.130133,-0.678975543,0.162841988,-4.169536085,3.0522E-05,0.00538729,0.602294702,RASA4,10156,-0.568006114,Down*
ENSG00000105877,107.4852112,-0.996479342,0.294572197,-3.382801739,0.000717504,0.02611834,2.078494794,DNAH11,8701,-0.488702077,Down*
ENSG00000106153,353.2301258,4.420946868,0.462420578,9.560445799,1.17251E-21,2.04556E-18,0.902601561,CHCHD2,51142,4.257664703,Up*
ENSG00000106484,13056.98636,0.467413662,0.124360905,3.758525742,0.000170917,0.01507261,0.971773344,MEST,4232,0.364536263,Up*
ENSG00000107537,238.4604703,0.405526439,0.131589072,3.081763797,0.002057781,0.08559595,1.132156386,PHYH,5264,0.212195401,Up*
ENSG00000107736,614.0138513,-1.071420197,0.322617807,-3.321020022,0.000896891,0.050943155,1.063691227,CDH23,64072,-0.470757561,Down*
ENSG00000108379,138.0500287,-0.796205611,0.218535159,-3.643375352,0.000269086,0.011199063,2.187691391,WNT3,7473,-0.533965941,Down*
ENSG00000108439,171.8358467,-0.495239174,0.148621692,-3.332213262,0.000861582,0.029290365,2.154407114,PNPO,55163,-0.306695898,Down*
ENSG00000110628,66.35295675,0.834746022,0.260902205,3.199459435,0.001376856,0.041829332,2.078494794,SLC22A18,5002,0.368958864,Up*
ENSG00000111275,1031.074479,0.3640787,0.083814586,4.343858481,1.40002E-05,0.00195502,0.920535377,ALDH2,217,0.31793385,Up*
ENSG00000111788,116.7631346,-0.959416251,0.257170637,-3.730660161,0.000190979,0.008774268,2.154407114,,,-0.638180526,Down*
ENSG00000111907,44.47795832,0.727403649,0.248680525,2.925052735,0.003443979,0.079088279,2.154407114,TPD52L1,7164,0.24799947,Up*
ENSG00000112539,157.9127667,-1.046269349,0.312140158,-3.351921639,0.000802527,0.029290365,2.011375801,C6orf118,168090,-0.483051599,Down*
ENSG00000114126,1850.290753,-0.700713698,0.203475422,-3.443726477,0.000573756,0.081238928,0.341254491,TFDP2,7029,-0.428823119,Down*
ENSG00000114279,314.3461399,0.741063253,0.208659121,3.551549769,0.00038297,0.030791,0.890250356,FGF12,2257,0.480402319,Up*
ENSG00000114374,1730.460263,-3.769164131,0.562028898,-6.706352901,1.99549E-11,2.01214E-08,0.409614407,USP9Y,8287,-3.553400663,Down*
ENSG00000114656,151.2559985,-0.838568766,0.247745235,-3.38480281,0.000712294,0.026558117,2.011375801,CFAP92,57501,-0.45085666,Down*
ENSG00000114859,243.6998485,-0.434643474,0.153786893,-2.826271237,0.004709337,0.095654411,2.187691391,CLCN2,1181,-0.171358417,Down*
ENSG00000114948,1063.655779,0.506366488,0.13996551,3.617794754,0.000297124,0.024568771,0.920535377,ADAM23,8745,0.371024487,Up*
ENSG00000115138,179.3359296,4.020036286,0.587764152,6.839539756,7.9448E-12,1.90621E-09,2.187691391,POMC,5443,3.774806756,Up*
ENSG00000115163,66.19437005,-0.829625861,0.266144743,-3.117198006,0.001825789,0.05324941,2.017914586,CENPA,1058,-0.332763074,Down*
ENSG00000115194,13.59796967,1.602050767,0.503251004,3.183403024,0.001455549,0.099900253,0.63291661,SLC30A3,7781,0.483496721,Up*
ENSG00000115648,15.51137666,1.984627149,0.563669263,3.520907172,0.000430073,0.034501935,0.858088624,MLPH,79083,0.968878531,Up*
ENSG00000115750,269.2727107,-0.38978704,0.130034473,-2.997566969,0.002721441,0.066492124,2.187691391,TAF1B,9014,-0.190347741,Down*
ENSG00000116791,287.0986815,1.267971255,0.285613657,4.439462976,9.01836E-06,0.001390809,0.902601561,CRYZ,1429,1.053874983,Up*
ENSG00000117650,213.6913712,-0.643969538,0.225891808,-2.850787479,0.004361111,0.090659987,2.187691391,NEK2,4751,-0.215602355,Down*
ENSG00000118193,267.5053763,-0.754106965,0.243679732,-3.094664289,0.001970358,0.056167173,2.017914586,KIF14,9928,-0.313101106,Down*
ENSG00000118557,93.56549872,-0.951041239,0.320603342,-2.96641087,0.003012977,0.073782949,2.078494794,PMFBP1,83449,-0.279270094,Down*
ENSG00000119514,153.8386087,-0.631299544,0.210851116,-2.994053609,0.002752976,0.066888636,2.187691391,GALNT12,79695,-0.257367132,Down*
ENSG00000119541,684.9542202,0.462699665,0.134288352,3.445568118,0.00056986,0.041432905,0.890250356,VPS4B,9525,0.312098143,Up*
ENSG00000119547,3559.976816,-1.701691862,0.408906721,-4.161564906,3.16074E-05,0.005012588,0.678930682,ONECUT2,9480,-1.372776427,Down*
ENSG00000119632,168.3794839,0.614411772,0.204542358,3.003836358,0.002665987,0.066335609,2.154407114,IFI27L2,83982,0.257160276,Up*
ENSG00000120328,186.6350598,0.748762793,0.168419203,4.445827908,8.7554E-06,0.000687528,2.017914586,PCDHB12,56124,0.64296141,Up*
ENSG00000121089,20.65383859,-1.386888257,0.439218184,-3.157629413,0.001590576,0.090391789,0.803157611,NACA3P,389240,-0.423848428,Down*
ENSG00000121207,265.6212654,1.049409614,0.326402645,3.215076926,0.001304096,0.062953007,1.132156386,LRAT,9227,0.407920267,Up*
ENSG00000122126,2287.777665,0.260443549,0.083020182,3.137111259,0.001706214,0.08375042,0.971773344,OCRL,4952,0.155309287,Up*
ENSG00000122547,60.22696679,0.962258904,0.300133736,3.206100447,0.00134547,0.041499889,2.078494794,EEPD1,80820,0.391106273,Up*
ENSG00000122674,1049.873967,-0.383685769,0.093174756,-4.117915444,3.82315E-05,0.010064069,0.359174829,CCZ1,51622,-0.325661432,Down*
ENSG00000122824,491.4163077,0.266884051,0.081148954,3.288816915,0.001006094,0.061673301,0.902601561,NUDT10,170685,0.173051145,Up*
ENSG00000123473,200.17501,-0.711983956,0.249203132,-2.857042569,0.004276085,0.090429009,2.154407114,STIL,6491,-0.224345741,Down*
ENSG00000123496,53.67127693,1.508861325,0.322560595,4.67776086,2.90024E-06,0.000251239,2.154407114,IL13RA2,3598,1.331514106,Up*
ENSG00000123728,1070.592643,0.453765213,0.103619379,4.379153942,1.19141E-05,0.0038584,0.359174829,RAP2C,57826,0.401622475,Up*
ENSG00000123901,84.98306328,0.740502568,0.228034442,3.247327735,0.001164942,0.03817603,2.017914586,GPR83,10888,0.369939383,Up*
ENSG00000124104,209.20893,0.417557378,0.120481977,3.465724819,0.000528804,0.020031356,2.078494794,SNX21,90203,0.287291979,Up*
ENSG00000125618,12.87109416,3.77068481,0.816256779,4.619483606,3.84696E-06,0.000455958,1.446071393,PAX8,7849,3.266570003,Up*
ENSG00000125675,314.5049047,0.619666209,0.18465838,3.355743773,0.000791519,0.052832055,0.890250356,GRIA3,2892,0.369268662,Up*
ENSG00000125868,2974.806206,0.341409909,0.085733029,3.982244784,6.82674E-05,0.007253924,0.971773344,DSTN,11034,0.280705676,Up*
ENSG00000125885,387.4775579,-0.663483339,0.168670578,-3.933604469,8.36814E-05,0.009108734,0.890250356,MCM8,84515,-0.52725399,Down*
ENSG00000125931,80.93106634,0.492622961,0.17127909,2.876141867,0.004025687,0.08888595,2.078494794,CITED1,4435,0.196050229,Up*
ENSG00000126012,3727.141584,0.47493401,0.134808638,3.523023583,0.000426653,0.031818951,0.941042546,KDM5C,8242,0.33388515,Up*
ENSG00000126803,31.71214477,1.331652521,0.33961158,3.921104574,8.8144E-05,0.004108965,2.43456659,HSPA2,3306,0.937425884,Up*
ENSG00000126947,1111.327961,-0.914614526,0.222177188,-4.116599619,3.84503E-05,0.010064069,0.359174829,ARMCX1,51309,-0.719561679,Down*
ENSG00000127903,58.0508369,3.050897949,0.528840074,5.769036989,7.97258E-09,1.22331E-06,2.078494794,ZNF835,90485,2.884927005,Up*
ENSG00000128739,3733.95496,0.337731612,0.076883711,4.392758957,1.11921E-05,0.001593895,0.941042546,SNRPN,6638,0.295074177,Up*
ENSG00000128805,32.0983822,1.079930459,0.341740899,3.160085497,0.001577228,0.048031079,2.017914586,ARHGAP22,58504,0.382175163,Up*
ENSG00000129596,1957.322745,-0.552452515,0.161624337,-3.41812702,0.000630537,0.077567452,0.409614407,CDO1,1036,-0.35597025,Down*
ENSG00000129824,1201.529522,-4.630226611,0.498332181,-9.291446133,1.52206E-20,4.68103E-17,0.409614407,RPS4Y1,6192,-4.437578354,Down*
ENSG00000130649,115.0223363,-0.980507406,0.304675102,-3.218206539,0.001289949,0.039387674,2.154407114,CYP2E1,1571,-0.399791732,Down*
ENSG00000130707,221.8658662,0.562262016,0.189089096,2.973529555,0.002943961,0.071133342,2.154407114,ASS1,445,0.237046318,Up*
ENSG00000130713,453.1674677,-0.317232688,0.088554727,-3.582334882,0.000340537,0.024442688,1.063691227,EXOSC2,23404,-0.232086216,Down*
ENSG00000131002,959.9183278,-4.488312005,0.513107163,-8.747318947,2.18482E-18,4.67005E-15,0.453350343,TXLNGY,246126,-4.287168194,Down*
ENSG00000131725,738.3593465,0.3737195,0.084743712,4.40999679,1.03372E-05,0.001364,1.063691227,WDR44,54521,0.329276731,Up*
ENSG00000132436,363.1206896,-0.588102731,0.180810846,-3.252585475,0.001143602,0.067204687,0.902601561,FIGNL1,63979,-0.326325883,Down*
ENSG00000132740,308.2015874,0.398473387,0.119115209,3.345277155,0.000822004,0.062194136,0.728656052,IGHMBP2,3508,0.256075554,Up*
ENSG00000132906,279.4883364,0.389608636,0.122926797,3.169436168,0.00152735,0.082334429,0.890250356,CASP9,842,0.221239926,Up*
ENSG00000132975,117.9623662,-1.047122036,0.311492172,-3.36163195,0.000774833,0.026558117,2.187691391,GPR12,2835,-0.488664742,Down*
ENSG00000133115,105.2458545,-1.93152669,0.604062739,-3.197559734,0.001385957,0.043079025,2.011375801,STOML3,161003,-0.569907425,Down*
ENSG00000133124,160.1162868,1.317194667,0.454879913,2.895697587,0.003783168,0.087433419,2.011375801,IRS4,8471,0.269311372,Up*
ENSG00000133433,33.75341176,1.38617732,0.345048904,4.017335815,5.88598E-05,0.002971377,2.43456659,GSTT2B,653689,1.02598345,Up*
ENSG00000133636,238.8301531,-0.915283215,0.274012147,-3.340301608,0.000836874,0.028264041,2.187691391,NTS,4922,-0.449072184,Down*
ENSG00000133710,658.0721882,-0.98174345,0.182580339,-5.377049129,7.57165E-08,2.5542E-05,0.69801811,SPINK5,11005,-0.877317913,Down*
ENSG00000134184,10.04121057,2.757739167,0.812448607,3.394355217,0.000687904,0.060681506,0.63291661,GSTM1,2944,1.041996556,Up*
ENSG00000134330,296.4033352,-0.553542752,0.16539398,-3.346813173,0.000817463,0.055720667,0.845833024,IAH1,285148,-0.33839235,Down*
ENSG00000134444,941.4810045,0.520814018,0.132610716,3.927390123,8.58726E-05,0.009074629,0.920535377,RELCH,57614,0.425315401,Up*
ENSG00000134590,1640.21713,0.438237311,0.124313305,3.525264748,0.00042306,0.050984125,0.498961552,RTL8C,8933,0.310314169,Up*
ENSG00000134755,292.8048852,-0.908818044,0.189669411,-4.79158995,1.65465E-06,0.000334487,0.890250356,DSC2,1824,-0.787973984,Down*
ENSG00000136235,34.1115338,1.36696726,0.453957386,3.011223746,0.00260197,0.065158648,2.154407114,GPNMB,10457,0.331686861,Up*
ENSG00000136842,136.0975271,1.499306783,0.405916152,3.693636666,0.00022107,0.010260968,2.017914586,TMOD1,7111,0.894469961,Up*
ENSG00000136931,178.8959815,1.258871502,0.404943099,3.108761469,0.001878733,0.052064208,2.154407114,NR5A1,2516,0.374805784,Up*
ENSG00000137691,83.01012035,-0.86899675,0.307256332,-2.828246841,0.00468037,0.095402569,2.187691391,CFAP300,85016,-0.223552422,Down*
ENSG00000138134,114.9393236,0.629178375,0.217183898,2.896984446,0.003767684,0.087433419,2.011375801,STAMBPL1,57559,0.227263288,Up*
ENSG00000138587,122.6946486,-1.050555929,0.36907279,-2.846473534,0.00442064,0.09263412,2.154407114,MNS1,55329,-0.235706847,Down*
ENSG00000138640,543.4946546,0.552126104,0.136492942,4.04508903,5.23032E-05,0.006108703,0.902601561,FAM13A,10144,0.461667836,Up*
ENSG00000138778,659.2558028,-0.75284206,0.230792599,-3.261985271,0.001106349,0.058756517,1.063691227,CENPE,1062,-0.378608945,Down*
ENSG00000138964,32.11677994,1.811872919,0.597503025,3.032407944,0.002426111,0.061543627,2.187691391,PARVG,64098,0.404801502,Up*
ENSG00000139304,5.613784662,-3.521592982,0.904937561,-3.891531452,9.96135E-05,0.017587395,0.469415415,PTPRQ,374462,-2.306487157,Down*
ENSG00000139800,144.2628699,-1.796400339,0.400079885,-4.490104122,7.11884E-06,0.000577165,2.017914586,ZIC5,85416,-1.58817446,Down*
ENSG00000139835,46.45903117,0.609282709,0.207217001,2.940312361,0.003278815,0.070252619,2.43456659,GRTP1,79774,0.236951104,Up*
ENSG00000140807,1138.268044,-0.874646641,0.186676505,-4.685360074,2.79468E-06,0.000999409,0.409614407,NKD1,85407,-0.754481745,Down*
ENSG00000141314,253.4693779,-0.898820478,0.247088116,-3.637651597,0.000275135,0.011431816,2.154407114,RHBDL3,162494,-0.57582856,Down*
ENSG00000141551,2709.076118,0.169733908,0.047373065,3.582920124,0.000339775,0.027648573,0.910654292,CSNK1D,1453,0.131421705,Up*
ENSG00000142856,226.9171175,-0.383909484,0.126711761,-3.029785719,0.002447273,0.062246775,2.154407114,ITGB3BP,23421,-0.193917728,Down*
ENSG00000143333,346.8143396,-1.089638529,0.256870657,-4.241973531,2.21563E-05,0.002585233,1.063691227,RGS16,6004,-0.866721569,Down*
ENSG00000143401,1931.052945,-0.411821708,0.100806847,-4.085255316,4.40284E-05,0.008774268,0.498961552,ANP32E,81611,-0.348697895,Down*
ENSG00000143554,231.7686576,0.463848737,0.138889599,3.33969382,0.000838708,0.030091452,2.017914586,SLC27A3,11000,0.291913772,Up*
ENSG00000144647,356.5404645,0.355892466,0.102911677,3.45823211,0.000543733,0.034902608,1.063691227,POMGNT2,84892,0.245686279,Up*
ENSG00000144791,442.2960957,-0.607274616,0.172942564,-3.511423682,0.000445713,0.040030108,0.728656052,LIMD1,8994,-0.407116753,Down*
ENSG00000145335,826.0469721,0.507170149,0.156917817,3.232074982,0.001228948,0.063007222,1.063691227,SNCA,6622,0.288496698,Up*
ENSG00000145386,520.3341376,-0.682751663,0.21590445,-3.162286196,0.001565356,0.07812606,1.003606999,CCNA2,890,-0.324758236,Down*
ENSG00000145439,937.4549277,-0.372781419,0.104014736,-3.583928912,0.000338464,0.05040828,0.409614407,CBR4,84869,-0.272540014,Down*
ENSG00000145526,225.1156302,0.627580322,0.210193899,2.985720922,0.002829107,0.068036827,2.187691391,CDH18,1016,0.254067994,Up*
ENSG00000145569,88.45029847,0.577446693,0.192396793,3.001332211,0.002688011,0.066006477,2.187691391,OTULINL,54491,0.248434111,Up*
ENSG00000147003,42.32646247,0.736523345,0.202584241,3.635639875,0.000277291,0.01187724,2.078494794,CLTRN,57393,0.504094917,Up*
ENSG00000147036,465.8376015,1.406670642,0.293939154,4.785584445,1.7049E-06,0.000312414,1.003606999,LANCL3,347404,1.240845563,Up*
ENSG00000147041,106.6193205,1.40821447,0.319668254,4.405237153,1.05668E-05,0.000758129,2.154407114,SYTL5,94122,1.178378731,Up*
ENSG00000147044,3652.878715,0.336597007,0.094300841,3.569395588,0.000357806,0.028945568,0.910654292,CASK,8573,0.244794865,Up*
ENSG00000147202,296.7774223,0.622483417,0.178551278,3.486300531,0.00048975,0.042230116,0.728656052,DIAPH2,1730,0.407968642,Up*
ENSG00000147231,2899.643782,0.978786446,0.189304943,5.170422037,2.33566E-07,5.48854E-05,0.910654292,RADX,55086,0.865762557,Up*
ENSG00000147251,622.175328,0.570610115,0.139848795,4.08019329,4.49983E-05,0.00538729,0.890250356,DOCK11,139818,0.479238511,Up*
ENSG00000147655,341.7470547,-1.268848675,0.344835889,-3.679572556,0.000233625,0.018034593,1.063691227,RSPO2,340419,-0.759191854,Down*
ENSG00000147813,91.72853725,0.620597082,0.216089626,2.871942963,0.004079566,0.089911799,2.078494794,NAPRT,93100,0.21872492,Up*
ENSG00000148204,874.7463383,-0.532708728,0.14410065,-3.696782281,0.000218349,0.039886813,0.359174829,CRB2,286204,-0.40203782,Down*
ENSG00000148942,75.59486889,-0.868344134,0.282380031,-3.075090445,0.002104387,0.057843225,2.078494794,SLC5A12,159963,-0.319213399,Down*
ENSG00000151466,220.5628512,-0.537253911,0.177072712,-3.034086427,0.002412653,0.063165407,2.078494794,SCLT1,132320,-0.247343929,Down*
ENSG00000151575,533.1850189,-0.475455006,0.147650621,-3.220135505,0.0012813,0.08375042,0.728656052,TEX9,374618,-0.271650554,Down*
ENSG00000151952,236.479108,-1.034006697,0.313954843,-3.293488597,0.000989524,0.034129439,2.017914586,TMEM132D,121256,-0.448263945,Down*
ENSG00000152229,173.3714058,-0.657740694,0.206024292,-3.192539516,0.001410276,0.066492124,1.132156386,PSTPIP2,9050,-0.329098784,Down*
ENSG00000152784,280.84924,-1.706421986,0.500354337,-3.41042709,0.000648612,0.044704207,0.902601561,PRDM8,56978,-0.722905481,Down*
ENSG00000153822,159.2020646,-1.561901663,0.417838523,-3.738050891,0.000185452,0.009003968,2.011375801,KCNJ16,3773,-0.969579967,Down*
ENSG00000154162,86.96072131,0.943484423,0.308649809,3.05681195,0.002237046,0.058156657,2.187691391,CDH12,1010,0.317952312,Up*
ENSG00000154330,42.89040521,-1.203633325,0.374004074,-3.218235865,0.001289817,0.035785904,2.43456659,PGM5,5239,-0.432842469,Down*
ENSG00000154478,35.79360872,-1.400421868,0.449370346,-3.116409175,0.001830681,0.05246113,2.078494794,GPR26,2849,-0.398903734,Down*
ENSG00000154620,45.36395606,-4.05026642,0.550040115,-7.363583693,1.79037E-13,5.81605E-11,2.154407114,TMSB4Y,9087,-3.833063046,Down*
ENSG00000154920,99.57659361,-0.546940348,0.190672471,-2.868480942,0.00412448,0.088503274,2.154407114,EME1,146956,-0.205678295,Down*
ENSG00000156253,152.9934045,2.096318956,0.389736333,5.378813255,7.49784E-08,8.90211E-06,2.187691391,RWDD2B,10069,2.001055716,Up*
ENSG00000157379,279.2447108,0.357677274,0.10778929,3.318300679,0.000905669,0.0600832,0.845833024,DHRS1,115817,0.228105919,Up*
ENSG00000157404,275.6319777,0.566931528,0.165042545,3.435062924,0.000592416,0.041653811,0.902601561,KIT,3815,0.367446492,Up*
ENSG00000157502,175.0368635,0.69330041,0.156372862,4.433636373,9.26569E-06,0.000701977,2.078494794,PWWP3B,139221,0.600609244,Up*
ENSG00000157514,1039.729847,0.646379704,0.110835947,5.831859798,5.4813E-09,3.21834E-06,0.498961552,TSC22D3,1831,0.604860971,Up*
ENSG00000157600,1384.687078,0.503377592,0.144884335,3.474341043,0.00051211,0.072718433,0.359174829,TMEM164,84187,0.341930164,Up*
ENSG00000158163,161.7018418,-0.592730675,0.179454758,-3.302953248,0.000956723,0.033289328,2.011375801,DZIP1L,199221,-0.342922959,Down*
ENSG00000158623,974.8298304,-0.928410715,0.085508019,-10.85758657,1.83536E-27,1.02628E-23,0.409614407,COPG2,26958,-0.904553467,Down*
ENSG00000158715,59.59956929,-0.841533067,0.239361112,-3.515746815,0.000438519,0.017543295,2.078494794,SLC45A3,85414,-0.506142837,Down*
ENSG00000158859,20.61632713,-2.308439682,0.574942564,-4.015078771,5.94259E-05,0.007210127,0.858088624,ADAMTS4,9507,-1.786511652,Down*
ENSG00000159708,34.12960715,0.824165187,0.286554634,2.876118859,0.004025981,0.087433419,2.154407114,LRRC36,55282,0.23816775,Up*
ENSG00000159753,189.2560876,0.5743573,0.169849289,3.381570236,0.000720728,0.026623571,2.017914586,CARMIL2,146206,0.357132868,Up*
ENSG00000162595,262.6004425,1.870585669,0.387042007,4.833030093,1.3447E-06,0.000128348,2.078494794,DIRAS3,9077,1.728766308,Up*
ENSG00000162623,139.6069097,1.492988308,0.413406998,3.611424853,0.000304519,0.013340791,2.017914586,TYW3,127253,0.821908135,Up*
ENSG00000163395,21.17692777,2.50445601,0.624516954,4.010229016,6.06599E-05,0.007704034,0.803157611,IGFN1,91156,1.926688344,Up*
ENSG00000163412,727.5027905,0.442980942,0.135103483,3.278826956,0.001042395,0.071427424,0.752252064,EIF4E3,317649,0.268514383,Up*
ENSG00000163864,194.8241055,0.74762736,0.230414188,3.244710608,0.0011757,0.058756517,1.132156386,NMNAT3,349565,0.370597589,Up*
ENSG00000164181,18.48907576,1.325584114,0.393866609,3.365566118,0.000763868,0.05324941,0.842481448,ELOVL7,79993,0.558648765,Up*
ENSG00000164434,920.8233072,-0.760820389,0.206719396,-3.68044995,0.000232823,0.019976004,0.920535377,FABP7,2173,-0.528674562,Down*
ENSG00000164776,10.62373036,2.628275687,0.824914328,3.186119574,0.00144195,0.084866548,0.803157611,PHKG1,5260,0.693219634,Up*
ENSG00000165118,16.95596526,-2.7247044,0.468242825,-5.818998727,5.92012E-09,2.21088E-06,0.803157611,C9orf64,84267,-2.602479116,Down*
ENSG00000165197,8.554977274,1.639800366,0.508804526,3.222849407,0.001269223,0.07812606,0.81527594,VEGFD,2277,0.524515596,Up*
ENSG00000165246,369.2903196,-3.363687036,0.418141783,-8.044369566,8.66905E-16,9.99177E-13,0.728656052,NLGN4Y,22829,-3.251212769,Down*
ENSG00000165509,13.6535867,1.700235687,0.407791503,4.169374972,3.05436E-05,0.004057984,0.858088624,MAGEC3,139081,1.375331066,Up*
ENSG00000165617,802.3046859,-1.136996207,0.362675604,-3.135022581,0.001718409,0.099574844,0.752252064,DACT1,51339,-0.375204227,Down*
ENSG00000166415,46.09777219,-1.48028362,0.321630415,-4.602436688,4.17577E-06,0.000338669,2.187691391,WDR72,256764,-1.289819774,Down*
ENSG00000166426,870.9778815,-1.412370665,0.31738667,-4.449999948,8.58703E-06,0.002952714,0.359174829,CRABP1,1381,-1.192448846,Down*
ENSG00000166562,826.0016801,0.75672886,0.103484484,7.312486154,2.62244E-13,2.25374E-10,0.69801811,SEC11C,90701,0.71964533,Up*
ENSG00000166619,3139.082048,-0.545188234,0.167188115,-3.26092697,0.001110486,0.080175013,0.678930682,BLCAP,10904,-0.311980965,Down*
ENSG00000166770,429.0983159,2.560183806,0.278553542,9.190993527,3.8923E-20,4.93857E-17,0.902601561,ZNF667-AS1,100128252,2.519449784,Up*
ENSG00000166922,1074.50763,0.62580378,0.161399222,3.877365537,0.000105594,0.018869389,0.453350343,SCG5,6447,0.493602823,Up*
ENSG00000167306,57.3713935,1.140920653,0.288411061,3.955883829,7.62522E-05,0.003992489,2.187691391,MYO5B,4645,0.823426477,Up*
ENSG00000167785,436.9689612,-3.127485489,0.665788197,-4.697418046,2.63471E-06,0.0004971,0.890250356,ZNF558,148156,-2.821029467,Down*
ENSG00000168116,567.5092101,-0.401224732,0.090333277,-4.441604966,8.92904E-06,0.001633558,0.728656052,KIAA1586,57691,-0.3560484,Down*
ENSG00000168255,456.6017496,-0.890984568,0.210678468,-4.229120221,2.34607E-05,0.003133379,0.902601561,POLR2J3,548644,-0.722020541,Down*
ENSG00000168309,96.85687399,-1.693098987,0.371864969,-4.552994033,5.28878E-06,0.000452287,2.017914586,FAM107A,11170,-1.49860509,Down*
ENSG00000168546,305.8915815,-1.026446848,0.244504586,-4.198067871,2.69202E-05,0.003080397,1.063691227,GFRA2,2675,-0.811527873,Down*
ENSG00000168875,7.460855375,2.160793083,0.572583138,3.773763042,0.000160804,0.015897223,0.858088624,SOX14,8403,1.402878456,Up*
ENSG00000169131,553.561075,-0.502055404,0.127071323,-3.950973305,7.7834E-05,0.010064069,0.728656052,ZNF354A,6940,-0.413274373,Down*
ENSG00000169282,132.3198098,1.131235344,0.384168603,2.944632475,0.003233385,0.079088279,2.017914586,KCNAB1,7881,0.27958254,Up*
ENSG00000169668,86.67645853,-0.711253675,0.200061163,-3.555181152,0.000377719,0.015897223,2.017914586,,,-0.468599516,Down*
ENSG00000169715,1.295688541,26.17451195,2.096974277,12.48203769,9.35612E-36,2.50276E-31,0.188373702,MT1E,4493,25.95684094,Up*
ENSG00000169744,404.6424695,0.627900508,0.201154437,3.121484745,0.001799416,0.091427852,0.890250356,LDB2,9079,0.2976094,Up*
ENSG00000169836,59.74025036,0.840521019,0.28565368,2.942447715,0.003256288,0.094703093,1.541475579,TACR3,6870,0.263279385,Up*
ENSG00000170074,87.95928617,-2.359893045,0.469060102,-5.03111016,4.87648E-07,4.95901E-05,2.154407114,FAM153A,285596,-2.223294666,Down*
ENSG00000170430,83.64179961,-0.97190308,0.191487416,-5.075545429,3.86386E-07,4.07085E-05,2.154407114,MGMT,4255,-0.855296272,Down*
ENSG00000170667,446.9341803,-0.724298528,0.238883765,-3.032012356,0.002429293,0.099574844,1.063691227,RASA4B,100271927,-0.285257433,Down*
ENSG00000170959,471.1621426,-1.291908826,0.310570863,-4.159787607,3.18544E-05,0.003559032,1.063691227,DCDC1,341019,-1.005730396,Down*
ENSG00000171291,291.5395629,-1.505037819,0.206203848,-7.298786288,2.90375E-13,2.33498E-10,0.728656052,ZNF439,90594,-1.458559732,Down*
ENSG00000171466,727.1834284,-0.438871439,0.110903495,-3.957237232,7.58216E-05,0.008515198,0.890250356,ZNF562,54811,-0.362538624,Down*
ENSG00000171595,30.3716415,-1.091104952,0.292770143,-3.726831372,0.000193902,0.0088234,2.154407114,DNAI2,64446,-0.698498217,Down*
ENSG00000171604,1137.25642,-0.736793457,0.199271755,-3.697430454,0.000217793,0.019105699,0.920535377,CXXC5,51523,-0.521393985,Down*
ENSG00000171843,636.974368,-0.530642434,0.154427392,-3.436193721,0.000589949,0.050943155,0.69801811,MLLT3,4300,-0.348927627,Down*
ENSG00000172318,314.4115766,0.820739329,0.1993292,4.11750676,3.82993E-05,0.005564242,0.728656052,B3GALT1,8708,0.658167947,Up*
ENSG00000172340,215.6329209,-0.615490803,0.187631143,-3.280323267,0.001036882,0.034435145,2.078494794,SUCLG2,8801,-0.344635495,Down*
ENSG00000173262,12.54266676,2.923572777,0.777781112,3.758863172,0.000170687,0.01676146,0.858088624,SLC2A14,144195,1.797829719,Up*
ENSG00000174460,1872.89651,0.728442935,0.207013255,3.518822674,0.000433466,0.065158648,0.359174829,ZCCHC12,170261,0.464532653,Up*
ENSG00000174912,9.708550302,3.807689819,0.676086422,5.631957237,1.78176E-08,5.79182E-06,0.842481448,,,3.498751042,Up*
ENSG00000174938,3126.170329,0.370339577,0.115179428,3.215327469,0.001302958,0.09586076,0.602294702,SEZ6L2,26470,0.219424229,Up*
ENSG00000174948,47.00601109,1.632748014,0.467972529,3.488982609,0.000484863,0.018350457,2.154407114,GPR149,344758,0.773439336,Up*
ENSG00000175548,768.4389413,0.833876541,0.223398066,3.732693648,0.000189443,0.021235879,0.69801811,ALG10B,144245,0.579551866,Up*
ENSG00000175664,50.79699917,-1.338422788,0.400933911,-3.338262871,0.00084304,0.029535019,2.078494794,TEX26,122046,-0.541916734,Down*
ENSG00000176029,2.877375176,-2.032155785,0.648892114,-3.131731366,0.001737788,0.078676054,1.097641776,C11orf16,56673,-0.526464481,Down*
ENSG00000176399,293.6704092,-0.813914949,0.17728141,-4.59109023,4.40937E-06,0.000760912,0.890250356,DMRTA1,63951,-0.701844705,Down*
ENSG00000176681,107.1647445,-0.757272019,0.178835372,-4.234464421,2.29097E-05,0.001464047,2.154407114,LRRC37A,9884,-0.63020382,Down*
ENSG00000176728,16.83192984,-4.172410376,0.674715845,-6.183951964,6.25164E-10,3.31818E-07,0.63291661,TTTY14,83869,-3.846882871,Down*
ENSG00000176887,14072.63831,-0.505739659,0.143828698,-3.51626391,0.000437666,0.041432905,0.678930682,SOX11,6664,-0.351769669,Down*
ENSG00000177144,1.615929083,29.81320075,4.526664606,6.586129819,4.51439E-11,2.0049E-07,0.081044224,NUDT4B,440672,28.69175521,Up*
ENSG00000177721,9.515062843,-1.215615592,0.317926829,-3.823570336,0.000131533,0.014228217,0.803157611,ANXA2R,389289,-0.812288481,Down*
ENSG00000177873,125.404553,-0.688126036,0.196608115,-3.499987968,0.000465279,0.018739737,2.017914586,ZNF619,285267,-0.441636977,Down*
ENSG00000178081,20.67645426,2.272584452,0.651309003,3.489256929,0.000484365,0.037425851,0.858088624,ULK4P3,89837,1.047978376,Up*
ENSG00000178162,992.5312011,-0.793309418,0.188549453,-4.207434213,2.58287E-05,0.007395102,0.359174829,,,-0.652086748,Down*
ENSG00000178385,1306.730124,0.368770999,0.110561413,3.335440371,0.000851644,0.087433419,0.453350343,PLEKHM3,389072,0.237080002,Up*
ENSG00000179083,189.5645683,0.860984899,0.229261825,3.755465609,0.00017302,0.00800247,2.187691391,FAM133A,286499,0.599808757,Up*
ENSG00000179222,13356.67577,0.270482001,0.076281442,3.545842789,0.00039136,0.029410763,0.971773344,MAGED1,9500,0.196336223,Up*
ENSG00000179542,507.4185006,0.939044786,0.214045867,4.387119457,1.14862E-05,0.001710897,0.890250356,SLITRK4,139065,0.77695179,Up*
ENSG00000179869,100.8688211,-1.249258449,0.284665399,-4.388515271,1.14127E-05,0.000799206,2.154407114,ABCA13,154664,-1.027331033,Down*
ENSG00000180139,6.151415792,2.698199195,0.706192094,3.820772303,0.000133034,0.017535776,0.63291661,ACTA2-AS1,100132116,1.793899811,Up*
ENSG00000180178,1189.520729,-3.372431783,0.296257074,-11.38346415,5.0551E-30,1.72947E-26,0.920535377,,,-3.314950584,Down*
ENSG00000180229,443.7399123,-0.550624778,0.174564851,-3.154270606,0.001608998,0.084423275,0.902601561,HERC2P3,283755,-0.284697908,Down*
ENSG00000180543,309.0321334,-1.752682179,0.293650875,-5.968591703,2.3931E-09,8.68298E-07,0.890250356,TSPYL5,85453,-1.684037508,Down*
ENSG00000180574,28.54502974,-1.90873988,0.401448863,-4.754627689,1.98812E-06,0.000160741,2.43456659,EIF2S3B,255308,-1.755840072,Down*
ENSG00000180730,94.44848222,0.70888656,0.212766037,3.331765583,0.000862969,0.030697268,2.017914586,SHISA2,387914,0.392905703,Up*
ENSG00000180777,8.008415211,2.732447219,0.838334161,3.259377164,0.001116571,0.083864551,0.63291661,ANKRD30B,374860,0.813986876,Up*
ENSG00000180815,36.04000105,1.146674194,0.316953938,3.617794444,0.000297124,0.012048917,2.187691391,MAP3K15,389840,0.666386058,Up*
ENSG00000180881,249.2495268,0.568041273,0.202134355,2.810216367,0.00495082,0.099900253,2.154407114,CAPS2,84698,0.194356887,Up*
ENSG00000181218,171.6830099,0.596404845,0.195503817,3.050604612,0.002283811,0.058841123,2.187691391,H2AW,92815,0.267531703,Up*
ENSG00000181449,4341.629144,-0.414746872,0.129651552,-3.198934872,0.001379363,0.076631996,0.910654292,SOX2,6657,-0.238733669,Down*
ENSG00000181744,1562.782745,-0.541092213,0.133781213,-4.044605377,5.24113E-05,0.011431816,0.409614407,DIPK2A,205428,-0.453080011,Down*
ENSG00000182195,818.3175307,0.784013897,0.182575186,4.294197437,1.75326E-05,0.002468616,0.890250356,LDOC1,23641,0.655350344,Up*
ENSG00000182255,88.70868092,0.976589388,0.333872305,2.925038621,0.003444135,0.080650592,2.078494794,KCNA4,3739,0.26358998,Up*
ENSG00000182287,1896.262416,0.351404651,0.094161795,3.731923882,0.000190023,0.035785904,0.359174829,AP1S2,8905,0.271191246,Up*
ENSG00000182447,588.8732179,-1.557004297,0.492716529,-3.160040726,0.001577471,0.09586076,0.728656052,OTOL1,131149,-0.456291032,Down*
ENSG00000182670,20853.55565,0.305446544,0.09411696,3.245393221,0.001172885,0.068029618,0.910654292,TTC3,7267,0.189429149,Up*
ENSG00000182698,16.90543317,1.983921877,0.642142497,3.089535245,0.002004699,0.071427424,1.446071393,RESP18,389075,0.478836911,Up*
ENSG00000182768,3553.65111,0.366693664,0.068447095,5.357329845,8.44608E-08,2.2255E-05,0.910654292,NGRN,51335,0.34197913,Up*
ENSG00000183171,22.07179463,0.805793235,0.250127299,3.22153255,0.00127507,0.078737899,0.803157611,LOC643015,643015,0.373342456,Up*
ENSG00000183346,91.11334812,1.050956672,0.328630475,3.197989083,0.001383895,0.053097163,1.541475579,CABCOCO1,219621,0.398911046,Up*
ENSG00000183486,30.24110139,-2.079850022,0.477016708,-4.36011986,1.29991E-05,0.000904881,2.154407114,MX2,4600,-1.819717873,Down*
ENSG00000183506,1407.598628,-0.509108648,0.115413041,-4.411188214,1.02805E-05,0.003069628,0.409614407,PI4KAP2,375133,-0.451681899,Down*
ENSG00000183654,26.7968622,-0.975408954,0.272291,-3.582229864,0.000340674,0.01461697,2.017914586,MARCHF11,441061,-0.582057267,Down*
ENSG00000183688,279.6200581,-0.854701388,0.221415215,-3.860174592,0.000113306,0.011431816,0.890250356,RFLNB,359845,-0.626434769,Down*
ENSG00000183850,310.0938553,-0.680364124,0.164443019,-4.137385262,3.51286E-05,0.004338811,0.902601561,ZNF730,100129543,-0.565558351,Down*
ENSG00000183878,457.4947971,-4.205289192,0.514349417,-8.175938483,2.93572E-16,2.63213E-13,1.003606999,UTY,7404,-4.009920246,Down*
ENSG00000184156,379.8120087,0.822365397,0.209518735,3.925020812,8.67222E-05,0.009296699,0.890250356,KCNQ3,3786,0.623613174,Up*
ENSG00000184470,70.97937294,-1.547336962,0.411121793,-3.763694821,0.000167421,0.007774761,2.187691391,TXNRD2,10587,-0.981430646,Down*
ENSG00000185304,1432.776398,3.184713111,0.352409943,9.036955903,1.61095E-19,4.70847E-16,0.359174829,RGPD2,729857,3.107469921,Up*
ENSG00000185594,9.953876012,-1.78482994,0.556483002,-3.207339547,0.001339688,0.080819063,0.803157611,SPATA8,145946,-0.545061418,Down*
ENSG00000185686,5.064069132,-3.185032991,0.953586966,-3.34005508,0.000837618,0.069177793,0.63291661,PRAME,23532,-1.015827742,Down*
ENSG00000185985,473.7058258,1.941598212,0.197025971,9.854529363,6.55229E-23,1.61829E-19,0.728656052,SLITRK2,84631,1.922607084,Up*
ENSG00000186312,115.0658765,0.870086051,0.277175678,3.139113994,0.001694595,0.050943155,2.011375801,CA5BP1,340591,0.347424077,Up*
ENSG00000186481,9.263812777,2.598625187,0.806125321,3.223599506,0.001265903,0.078085873,0.81527594,,,0.739436316,Up*
ENSG00000186715,58.1906262,1.010345936,0.217201675,4.651648905,3.29291E-06,0.000278849,2.187691391,MST1L,11223,0.859222334,Up*
ENSG00000186854,91.48914025,-0.871050214,0.28282827,-3.079784822,0.002071502,0.058252419,2.017914586,TRABD2A,129293,-0.321508156,Down*
ENSG00000186973,56.68589568,-0.715907251,0.224481633,-3.189157357,0.001426882,0.041612736,2.187691391,FAM183A,440585,-0.342096031,Down*
ENSG00000187122,4270.417447,-0.743397096,0.216249833,-3.437677089,0.000586727,0.041432905,0.910654292,SLIT1,6585,-0.442445232,Down*
ENSG00000187164,3931.880195,-0.854001763,0.257941722,-3.310832213,0.00093019,0.05545795,0.971773344,SHTN1,57698,-0.422069966,Down*
ENSG00000187627,470.6905637,2.451976187,0.375569572,6.528687011,6.63487E-11,2.98717E-08,0.902601561,RGPD1,400966,2.378373836,Up*
ENSG00000187823,2.469915094,3.243812504,0.974596086,3.328366027,0.00087357,0.071406323,0.63291661,RTL4,340595,1.000213748,Up*
ENSG00000187905,50.91082153,-1.190249015,0.38136351,-3.121035399,0.001802164,0.052944017,2.017914586,LRRC74B,400891,-0.373589534,Down*
ENSG00000188021,1960.760315,0.281602377,0.060092271,4.686166346,2.7837E-06,0.000999409,0.409614407,UBQLN2,29978,0.249772243,Up*
ENSG00000188064,299.5678476,-0.954458333,0.26809646,-3.560130308,0.000370671,0.034828307,0.728656052,WNT7B,7477,-0.564391444,Down*
ENSG00000188219,198.505135,-3.786091051,0.468981655,-8.073004579,6.8589E-16,2.86696E-13,2.078494794,POTEE,445582,-3.633019255,Down*
ENSG00000188707,40.13692383,-1.607298797,0.568714484,-2.826196345,0.004710438,0.08888595,2.43456659,ZBED6CL,113763,-0.259790117,Down*
ENSG00000189223,142.6634372,4.656054352,0.691283502,6.735376058,1.63506E-11,3.8243E-09,2.154407114,PAX8-AS1,654433,4.294804296,Up*
ENSG00000189229,40.26919976,1.299548513,0.282788009,4.595486631,4.3174E-06,0.000374345,2.017914586,,,1.109037972,Up*
ENSG00000189423,108.4203066,-0.60059771,0.187559233,-3.202176198,0.001363935,0.041653811,2.078494794,,,-0.315382986,Down*
ENSG00000196083,44.19899942,0.91502061,0.285333393,3.206847256,0.001341982,0.040039421,2.187691391,IL1RAP,3556,0.384742872,Up*
ENSG00000196169,74.58947605,-0.710672486,0.242555728,-2.929934873,0.003390331,0.096920573,1.541475579,KIF19,124602,-0.247906814,Down*
ENSG00000196172,318.3558132,-0.683091113,0.207471711,-3.292454229,0.000993171,0.054455143,1.063691227,ZNF681,148213,-0.371010446,Down*
ENSG00000196263,1016.200579,2.601321811,0.251942486,10.32506207,5.42837E-25,2.1085E-21,0.498961552,ZNF471,57573,2.567544661,Up*
ENSG00000196507,793.5530802,0.456558317,0.096637552,4.724440003,2.3075E-06,0.000524917,0.728656052,TCEAL3,85012,0.416100129,Up*
ENSG00000196604,258.7795075,-2.998165551,0.344801005,-8.695350393,3.45761E-18,1.59281E-15,2.187691391,POTEF,728378,-2.927673993,Down*
ENSG00000196639,22.65041267,1.805766755,0.521720091,3.461179255,0.000537815,0.041432905,0.842481448,HRH1,3269,0.817267599,Up*
ENSG00000196834,338.7484286,-2.365003981,0.338287406,-6.991108558,2.72723E-12,1.72843E-09,0.845833024,POTEI,653269,-2.306731892,Down*
ENSG00000196839,67.81823702,-0.775159441,0.262233077,-2.955994149,0.00311663,0.076014122,2.078494794,ADA,100,-0.263338965,Down*
ENSG00000196867,870.3160367,0.610135963,0.135003631,4.519404097,6.20139E-06,0.00195502,0.409614407,ZFP28,140612,0.540750295,Up*
ENSG00000197020,378.5235927,-0.446864572,0.116398936,-3.839077815,0.000123497,0.014624006,0.728656052,ZNF100,163227,-0.357918761,Down*
ENSG00000197149,24.53556201,-2.126407294,0.440809237,-4.823871903,1.40798E-06,0.000115643,2.43456659,RPS2P40,91561,-1.979753534,Down*
ENSG00000197329,595.1442538,-0.478629636,0.134069541,-3.570010253,0.000356967,0.026591887,1.003606999,PELI1,57162,-0.344500214,Down*
ENSG00000197550,295.2909827,-0.776182836,0.214450861,-3.619397163,0.00029529,0.021587518,1.063691227,,,-0.517371476,Down*
ENSG00000197622,1599.228395,-0.242351353,0.072224349,-3.355535295,0.000792115,0.08888595,0.409614407,CDC42SE1,56882,-0.164732922,Down*
ENSG00000197822,232.2517788,0.69122625,0.1912994,3.613321582,0.000302299,0.020957534,1.132156386,OCLN,100506658,0.475912787,Up*
ENSG00000198028,20.11629215,3.332503135,0.44809929,7.436974808,1.03017E-13,7.81281E-11,0.858088624,ZNF560,147741,3.204832816,Up*
ENSG00000198046,469.2116822,3.497225433,0.367967808,9.504161394,2.01666E-21,3.31133E-18,0.902601561,ZNF667,63934,3.40687926,Up*
ENSG00000198105,438.7973744,1.287317412,0.396845306,3.243877129,0.001179146,0.079477098,0.728656052,ZNF248,57209,0.46402474,Up*
ENSG00000198205,96.70197164,3.162680584,0.381870769,8.282070383,1.21052E-16,5.24318E-14,2.154407114,ZXDA,7789,3.072835939,Up*
ENSG00000198300,5993.509135,4.878005952,0.37135629,13.13564918,2.0572E-39,1.37696E-35,0.941042546,PEG3,5178,4.767900791,Up*
ENSG00000198382,713.3206897,-0.531373513,0.083791613,-6.341607437,2.2738E-10,1.17346E-07,0.728656052,UVRAG,7405,-0.508128186,Down*
ENSG00000198515,4.921940118,2.052605688,0.662338587,3.099027791,0.001941568,0.099937966,0.842481448,CNGA1,1259,0.499347134,Up*
ENSG00000198689,2282.590731,0.342194054,0.075259501,4.546855213,5.44534E-06,0.001154719,0.678930682,SLC9A6,10479,0.303731964,Up*
ENSG00000198692,289.8963546,-3.89338867,0.680038334,-5.725248817,1.03282E-08,3.31379E-06,0.902601561,EIF1AY,9086,-3.576752203,Down*
ENSG00000198865,72.90035809,-0.904688109,0.261956073,-3.453587082,0.000553184,0.021383481,2.017914586,CCDC152,100129792,-0.499732722,Down*
ENSG00000198879,557.2469568,0.688701507,0.211543143,3.255607796,0.001131499,0.067274358,0.890250356,SFMBT2,57713,0.359630813,Up*
ENSG00000203279,21.99754229,1.091447554,0.331889418,3.288587985,0.001006913,0.066779693,0.803157611,,,0.455885012,Up*
ENSG00000203499,186.2246959,-0.612456656,0.214805656,-2.851212895,0.00435528,0.094106284,2.078494794,IQANK1,642574,-0.21170812,Down*
ENSG00000204072,3.126294525,10.37963423,1.986173415,5.225945604,1.73267E-07,4.54533E-05,0.842481448,,,9.217769171,Up*
ENSG00000204172,409.175927,-0.877922833,0.157796598,-5.563636012,2.64211E-08,7.789E-06,0.890250356,AGAP9,642517,-0.79485664,Down*
ENSG00000204677,20.58908033,-1.720396527,0.521017384,-3.301994481,0.00096,0.064763704,0.803157611,FAM153CP,653316,-0.618197808,Down*
ENSG00000204837,37.54222258,-1.902024536,0.545360192,-3.487648283,0.000487289,0.019376182,2.017914586,,,-0.889733288,Down*
ENSG00000204969,335.8923716,0.859269799,0.182277954,4.714063224,2.42825E-06,0.000548775,0.728656052,PCDHA2,56146,0.744390205,Up*
ENSG00000205571,730.9110849,0.475301744,0.135737462,3.501625391,0.000462429,0.030941465,1.063691227,SMN1,6606,0.330240516,Up*
ENSG00000205632,11.69321337,-1.482834586,0.395768074,-3.746726136,0.000179157,0.018034593,0.81527594,LINC01310,100128946,-0.926797682,Down*
ENSG00000205922,955.0405389,-2.569835904,0.623235618,-4.123377787,3.73357E-05,0.008266668,0.453350343,ONECUT3,390874,-2.087091408,Down*
ENSG00000205927,79.81772499,-1.2320542,0.29522341,-4.173294392,3.00227E-05,0.001895454,2.078494794,OLIG2,10215,-0.961097892,Down*
ENSG00000206199,46.28750216,-1.350664107,0.461792415,-2.92482956,0.003446449,0.080650592,2.078494794,ANKUB1,389161,-0.285473001,Down*
ENSG00000206341,11.59478834,-1.524659577,0.416939011,-3.656792808,0.000255391,0.024136093,0.81527594,,,-0.877859222,Down*
ENSG00000213058,150.3540904,-2.113109709,0.472874504,-4.468648009,7.87155E-06,0.000604128,2.078494794,,,-1.890104929,Down*
ENSG00000213185,7.268784513,4.791827733,0.866777612,5.528324297,3.23304E-08,1.3E-05,0.63291661,FAM24B,196792,4.232858943,Up*
ENSG00000214081,13.23298496,-1.617038334,0.480730614,-3.363709919,0.000769023,0.05545795,0.803157611,CYP4F30P,100132708,-0.645417529,Down*
ENSG00000214189,68.95058799,-0.522198066,0.180102941,-2.899442187,0.003738273,0.087079872,2.017914586,,,-0.208418145,Down*
ENSG00000214425,984.8889962,1.76848934,0.376665288,4.695121632,2.66448E-06,0.000969198,0.409614407,,,1.60357884,Up*
ENSG00000214455,195.3455273,-1.151340261,0.205281956,-5.608579935,2.03993E-08,5.01571E-06,1.132156386,,,-1.042965481,Down*
ENSG00000214544,13.53144706,2.247923151,0.600929058,3.740746303,0.000183475,0.011431816,1.446071393,GTF2IRD2P1,401375,1.412623997,Up*
ENSG00000214548,9676.587369,3.949454052,0.247863145,15.93401092,3.67977E-57,1.53931E-52,0.602294702,MEG3,55384,3.904342919,Up*
ENSG00000215030,44.90376165,2.078226009,0.44158236,4.706315732,2.52234E-06,0.000225174,2.154407114,RPL13P12,388344,1.914492768,Up*
ENSG00000215190,41.85928707,3.069759501,0.74760938,4.106100837,4.02394E-05,0.002113868,2.43456659,GUSBP1,728411,2.414812467,Up*
ENSG00000215397,166.8439131,-0.862484456,0.231465238,-3.726194325,0.000194393,0.008774268,2.187691391,SCRT2,85508,-0.591230969,Down*
ENSG00000215808,10.9846652,-2.787252389,0.597190309,-4.667276659,3.05218E-06,0.000588888,0.842481448,LINC01139,339535,-2.539373849,Down*
ENSG00000218739,637.5140289,2.250562288,0.170229191,13.22077765,6.65721E-40,6.2802E-36,0.890250356,CEBPZOS,100505876,2.236712815,Up*
ENSG00000220793,2.782196263,21.43978792,4.540399538,4.722004691,2.33531E-06,0.000595921,0.63291661,RPL21P119,653737,18.68651721,Up*
ENSG00000221947,33.51335187,1.369059859,0.407182179,3.362278431,0.000773021,0.024315785,2.43456659,XKR9,389668,0.568211607,Up*
ENSG00000223403,29.98407453,2.95714245,0.8287034,3.568396665,0.000359172,0.015201715,2.017914586,MEG9,100507257,1.430080224,Up*
ENSG00000223482,215.2986201,-0.350615557,0.113765709,-3.081908961,0.002056777,0.058100061,2.017914586,NUTM2A-AS1,728190,-0.188906996,Down*
ENSG00000223756,112.1956545,-0.753696791,0.158431788,-4.757232118,1.96265E-06,0.000189962,2.017914586,TSSC2,650368,-0.66494468,Down*
ENSG00000223760,22.40159509,-3.527324535,0.69324987,-5.088099813,3.61669E-07,5.43223E-05,1.446071393,MED15P9,285103,-3.210779616,Down*
ENSG00000223839,103.1948326,0.820914104,0.268732985,3.054757506,0.002252426,0.061673301,2.017914586,FAM95B1,100133036,0.305814681,Up*
ENSG00000223972,3.162504374,-5.341345684,1.520032401,-3.513968309,0.000441465,0.043499399,0.63291661,DDX11L2,84771,-1.383925399,Down*
ENSG00000224020,18.09025288,-1.028059941,0.298614623,-3.442764897,0.0005758,0.053305351,0.63291661,MIR181A2HG,100379345,-0.528647867,Down*
ENSG00000224114,86.50832016,-2.39377779,0.529202129,-4.523371431,6.08623E-06,0.000503249,2.017914586,RPS14P1,100271063,-2.163031641,Down*
ENSG00000224769,82.30261776,-0.787214908,0.225832221,-3.485839636,0.000490595,0.018344282,2.187691391,,,-0.475522288,Down*
ENSG00000225151,2053.93728,-0.484199848,0.131175424,-3.691239049,0.000223164,0.036506985,0.409614407,GOLGA2P7,388152,-0.367621635,Down*
ENSG00000225178,136.323923,-0.820398564,0.289770152,-2.831204519,0.004637306,0.095654411,2.154407114,,,-0.222667726,Down*
ENSG00000225548,35.12955578,-1.011885335,0.318072009,-3.181308972,0.001466112,0.042650842,2.154407114,LINC01980,105377007,-0.385070989,Down*
ENSG00000225746,52.49194783,2.384022979,0.359620715,6.629270457,3.3735E-11,7.38954E-09,2.017914586,,,2.317319502,Up*
ENSG00000225976,1.655678805,24.91976277,4.536268499,5.493449688,3.94157E-08,9.8819E-05,0.081044224,,,23.91449911,Up*
ENSG00000226259,232.9093107,1.196813727,0.153911709,7.775975841,7.4868E-15,2.73611E-12,2.154407114,,,1.14484784,Up*
ENSG00000226476,20.37108083,-1.624313141,0.357737073,-4.540522251,5.61151E-06,0.000969198,0.858088624,LINC01748,105378763,-1.425420325,Down*
ENSG00000226530,13.33056201,1.23391707,0.383820168,3.214831245,0.001305212,0.05324941,1.446071393,,,0.435670457,Up*
ENSG00000226674,21.41582047,-1.759853321,0.376250347,-4.677346708,2.90611E-06,0.000714109,0.63291661,TEX41,401014,-1.59162782,Down*
ENSG00000226686,16.39734686,1.786970687,0.534067011,3.345967176,0.000819961,0.068036827,0.63291661,LINC01535,101927667,0.683496864,Up*
ENSG00000227370,12.98493599,1.568581542,0.354338185,4.426792281,9.56448E-06,0.001546121,0.842481448,,,1.341793701,Up*
ENSG00000227986,33.10144683,-1.307396614,0.375553048,-3.481256834,0.000499067,0.019640356,2.017914586,,,-0.638375207,Down*
ENSG00000228065,23.34035715,1.466408851,0.310788315,4.718352584,2.37762E-06,0.000477211,0.842481448,,,1.293604415,Up*
ENSG00000228463,141.7314113,-0.700504385,0.244934775,-2.859962969,0.004236905,0.08888595,2.187691391,RPL23AP21,728481,-0.224251795,Down*
ENSG00000228486,170.7095181,-0.476195748,0.161759809,-2.943844653,0.003241627,0.079088279,2.017914586,C2orf92,728537,-0.207489738,Down*
ENSG00000228589,12.36427626,8.894431254,2.495253518,3.564540113,0.000364495,0.03087952,0.842481448,,,1.128189789,Up*
ENSG00000228741,7.446468142,-1.386916144,0.36614753,-3.787861528,0.000151949,0.019325146,0.63291661,SPATA13,221178,-0.896102351,Down*
ENSG00000228782,48.66346432,-0.655602227,0.207533463,-3.159019352,0.00158301,0.048089843,2.017914586,,,-0.317083422,Down*
ENSG00000229186,3.836062899,19.06505591,4.540310897,4.199063972,2.68021E-05,0.004659084,0.63291661,,,9.504645847,Up*
ENSG00000229236,6.065896088,-3.553386046,0.793465348,-4.478312827,7.52353E-06,0.001593895,0.63291661,TTTY10,246119,-3.046432768,Down*
ENSG00000229807,2363.733555,2.888178115,0.457578254,6.311877995,2.7567E-10,1.11828E-07,0.941042546,XIST,7503,2.768490768,Up*
ENSG00000230368,24.77603369,-1.865222633,0.643587968,-2.898162684,0.003753558,0.087273113,2.017914586,FAM41C,284593,-0.322172106,Down*
ENSG00000230450,25.14246606,-5.196189734,0.723726463,-7.179770263,6.98287E-13,2.0645E-10,2.078494794,,,-4.787610546,Down*
ENSG00000230663,34.65928542,-7.606959767,1.420195308,-5.356277214,8.49541E-08,8.97121E-06,2.43456659,,,-6.319406122,Down*
ENSG00000230847,32.80586164,6.04885077,0.630997543,9.586171667,9.14141E-22,7.0186E-19,2.187691391,,,5.74329538,Up*
ENSG00000231431,229.7910812,-4.317583785,0.395433375,-10.91861249,9.39196E-28,1.20183E-24,2.187691391,LOC440910,440910,-4.19861964,Down*
ENSG00000231806,303.7875678,-0.619066128,0.16718503,-3.702880147,0.000213166,0.016830408,1.063691227,,,-0.457858272,Down*
ENSG00000232229,5.857417391,-3.210070161,0.883164524,-3.634736309,0.000278265,0.026135202,0.803157611,LINC00865,643529,-1.644500779,Down*
ENSG00000233864,851.1890952,-4.234802565,0.590655618,-7.169664411,7.51818E-13,5.59566E-10,0.752252064,,,-3.979301804,Down*
ENSG00000234444,535.3316749,-1.958619749,0.289374918,-6.768450285,1.30169E-11,6.69804E-09,0.890250356,ZNF736,728927,-1.911700007,Down*
ENSG00000234665,10.43628719,-1.11974091,0.313707029,-3.569384194,0.000357821,0.030573997,0.842481448,,,-0.628245075,Down*
ENSG00000234710,42.27007194,-1.705370633,0.330827315,-5.154866467,2.53812E-07,2.73023E-05,2.154407114,,,-1.591533251,Down*
ENSG00000235238,3.28627985,4.529916966,1.436973549,3.152401079,0.001619337,0.091364183,0.803157611,,,0.688056129,Up*
ENSG00000235244,52.25626706,0.622446917,0.192303795,3.236789569,0.001208825,0.037300175,2.154407114,DANT2,642776,0.333309546,Up*
ENSG00000235652,154.9252143,0.414466296,0.145516535,2.848241922,0.004396149,0.096296202,2.017914586,FBXO30-DT,100507557,0.170370398,Up*
ENSG00000236404,135.2399848,-0.702533124,0.242606078,-2.895777096,0.003782209,0.08375042,2.154407114,VLDLR-AS1,401491,-0.23582067,Down*
ENSG00000236956,24.41471492,-6.188444178,0.7886037,-7.847343572,4.24942E-15,1.60308E-12,2.154407114,NF1P8,401007,-5.718130913,Down*
ENSG00000237037,282.7688121,0.695045784,0.148776355,4.671748967,2.98646E-06,0.000477211,1.063691227,NDUFA6-DT,100132273,0.615216264,Up*
ENSG00000237515,230.4013409,-1.569444196,0.3601148,-4.358177439,1.3115E-05,0.001569146,1.132156386,SHISA9,729993,-1.323395338,Down*
ENSG00000237550,6180.332177,0.820558482,0.185854826,4.415050718,1.00986E-05,0.001438601,0.971773344,RPL9P8,254948,0.693196481,Up*
ENSG00000237819,11.23134573,-1.548525552,0.455016591,-3.40322877,0.000665945,0.050460503,0.803157611,CDK6-AS1,101927497,-0.658925797,Down*
ENSG00000237863,32.31198785,1.192560893,0.362362825,3.29106854,0.000998076,0.033513655,2.078494794,,,0.476492551,Up*
ENSG00000238021,1.01003663,14.85845897,2.184549497,6.801612409,1.03455E-11,4.94799E-08,0.081044224,,,14.69596019,Up*
ENSG00000238083,476.6560891,-0.471518799,0.145219727,-3.246933517,0.001166556,0.068637721,0.890250356,LRRC37A2,474170,-0.275875024,Down*
ENSG00000239945,1.271021327,29.11838195,4.530616198,6.427024643,1.30126E-10,1.83223E-07,0.259327826,,,28.02090195,Up*
ENSG00000240038,791.4043249,0.613402851,0.156914613,3.909150588,9.26212E-05,0.011199063,0.752252064,AMY2B,280,0.490021639,Up*
ENSG00000240048,7.229318718,2.225079856,0.61519833,3.616849634,0.00029821,0.0275954,0.803157611,,,1.219945699,Up*
ENSG00000240253,108.0172154,-1.046436012,0.201229183,-5.200219964,1.99053E-07,2.20426E-05,2.187691391,,,-0.926175282,Down*
ENSG00000240661,22.56280433,-2.931350197,0.725884995,-4.038312155,5.38372E-05,0.004206318,1.446071393,,,-2.246110234,Down*
ENSG00000241767,5.328424918,-3.368859089,0.866307281,-3.888757674,0.000100759,0.010997294,0.842481448,LINC01324,104355289,-2.239499005,Down*
ENSG00000241859,26.88632334,-4.552123107,0.608928169,-7.475632329,7.68335E-14,2.66102E-11,2.078494794,,,-4.270936973,Down*
ENSG00000241956,7.426397736,1.754176812,0.50785806,3.454069061,0.000552196,0.041432905,0.858088624,LOC102546299,102546299,0.787994351,Up*
ENSG00000242110,234.4585495,-0.459017575,0.152565597,-3.008657144,0.002624051,0.065571171,2.154407114,AMACR,23600,-0.216958876,Down*
ENSG00000242516,11.35689932,1.974214802,0.451276539,4.374733964,1.21581E-05,0.001936745,0.81527594,LINC00960,401074,1.725920906,Up*
ENSG00000242735,2.138691616,16.95226721,4.027568763,4.209057176,2.56438E-05,0.024305338,0.081044224,,,8.4580185,Up*
ENSG00000247516,48.31944846,6.49593775,0.884735159,7.342239862,2.10049E-13,6.53802E-11,2.187691391,MIR4458HG,100505738,5.923981793,Up*
ENSG00000248313,3.894409548,-3.375419851,0.872030074,-3.870760826,0.000108496,0.018034593,0.494065884,CYP4F27P,107133494,-2.2069757,Down*
ENSG00000248485,45.15382387,-1.489784414,0.30428614,-4.895998272,9.78079E-07,9.63905E-05,2.078494794,PCP4L1,654790,-1.339797042,Down*
ENSG00000248710,10.42439445,-9.248800433,2.196746742,-4.210226084,2.55115E-05,0.003565141,0.842481448,TRIM59-IFT80,100174949,-4.351900459,Down*
ENSG00000248719,4.125897667,-2.182036541,0.658274805,-3.314780582,0.000917151,0.060681506,0.842481448,,,-0.768880616,Down*
ENSG00000248796,2.575602645,-3.172776791,0.971277827,-3.26660066,0.001088471,0.096920573,0.494065884,,,-0.882273397,Down*
ENSG00000248874,6.887643398,-4.204739948,0.717582345,-5.85959225,4.64005E-09,1.71314E-06,0.842481448,C5orf17,439936,-3.837605155,Down*
ENSG00000249158,76.99826837,1.093368759,0.34564323,3.163287071,0.001559984,0.047622093,2.017914586,PCDHA11,56138,0.385524322,Up*
ENSG00000250284,16.95471543,3.514804933,0.911374802,3.856596569,0.000114977,0.008012987,1.446071393,,,2.231280064,Up*
ENSG00000250420,226.3381888,-2.302474029,0.439442714,-5.239531701,1.60985E-07,1.80001E-05,2.187691391,AACSP1,729522,-2.187759136,Down*
ENSG00000250546,21.26772575,-1.647040658,0.474586278,-3.470476782,0.000519535,0.050197915,0.63291661,LOC101928978,101928978,-0.760930279,Down*
ENSG00000250682,22.36147428,-0.986528635,0.280783258,-3.513488094,0.000442264,0.036800528,0.803157611,LINC00491,285708,-0.552998061,Down*
ENSG00000251056,3.905694231,4.498977648,1.030656684,4.365156427,1.27032E-05,0.003114431,0.494065884,ANKRD20A17P,100421363,3.513517368,Up*
ENSG00000251079,139.9783337,-0.616949146,0.188382647,-3.274978647,0.0010567,0.035774285,2.011375801,,,-0.343492111,Down*
ENSG00000251129,16.73470578,-2.26554984,0.473246628,-4.787249834,1.69082E-06,0.000225174,1.446071393,,,-2.105494956,Down*
ENSG00000251138,3.098547708,-2.616332511,0.727991998,-3.59390284,0.000325761,0.041739379,0.494065884,LINC02882,100507377,-1.360454621,Down*
ENSG00000251357,5.713677476,-5.313653737,1.630878925,-3.258153415,0.001121398,0.071678315,0.803157611,,,-0.799799936,Down*
ENSG00000251634,136.6648505,0.95689622,0.314878316,3.038939719,0.002374124,0.061290294,2.154407114,,,0.31098417,Up*
ENSG00000253477,33.50207311,0.953000632,0.315040617,3.025008781,0.002486259,0.062246775,2.187691391,,,0.304511595,Up*
ENSG00000253537,179.3059142,1.348541136,0.375463931,3.591666268,0.00032857,0.014195224,2.017914586,PCDHGA7,56108,0.736533901,Up*
ENSG00000253731,216.8225379,1.188978491,0.369195373,3.220458805,0.001279856,0.038585666,2.187691391,PCDHGA6,56109,0.431848813,Up*
ENSG00000253807,6.885063118,-1.954638902,0.584860002,-3.342062878,0.000831582,0.081238928,0.494065884,,,-0.733709443,Down*
ENSG00000253846,247.6262221,1.003565017,0.203548436,4.930349925,8.20825E-07,7.81256E-05,2.187691391,PCDHGA10,56106,0.873960136,Up*
ENSG00000253953,1589.602596,-0.647714631,0.195254042,-3.317291786,0.000908946,0.091017664,0.453350343,PCDHGB4,8641,-0.367774254,Down*
ENSG00000254122,694.5164389,-0.68537792,0.165259721,-4.147277488,3.36452E-05,0.004857204,0.752252064,PCDHGB7,56099,-0.57018941,Down*
ENSG00000254876,26.55749055,0.984257689,0.344455452,2.857431004,0.004270855,0.094714831,2.017914586,SUGT1P4-STRA6LP,100499484,0.237663064,Up*
ENSG00000254929,79.05484402,-2.645727308,0.464712101,-5.693261058,1.24636E-08,1.72939E-06,2.187691391,,,-2.526098045,Down*
ENSG00000255085,17.43398912,7.10765135,1.028254644,6.912345486,4.76705E-12,3.8243E-09,0.63291661,,,6.40619032,Up*
ENSG00000255389,169.8176534,-0.446553192,0.141230429,-3.161876627,0.00156756,0.046686905,2.078494794,,,-0.245900079,Down*
ENSG00000255408,113.2510111,0.921015917,0.319464569,2.882998636,0.003939091,0.084953859,2.187691391,PCDHA3,56145,0.244960713,Up*
ENSG00000255769,554.6898834,-0.611998741,0.090195153,-6.785273086,1.15867E-11,6.30607E-09,0.890250356,,,-0.584992637,Down*
ENSG00000256092,44.4832654,-0.714016305,0.194490107,-3.671221724,0.000241394,0.010296525,2.187691391,,,-0.502848738,Down*
ENSG00000256229,169.4774835,-0.33220649,0.114433443,-2.903054232,0.003695426,0.084359783,2.078494794,ZNF486,90649,-0.154722568,Down*
ENSG00000256235,65.69399083,0.72638021,0.198051488,3.667633186,0.000244806,0.013893362,1.541475579,SMIM3,85027,0.508124931,Up*
ENSG00000256349,4.111897294,-31.01806254,4.517805754,-6.865736207,6.61492E-12,6.57488E-09,0.469415415,,,-29.85588949,Down*
ENSG00000256566,28.39826067,1.161203427,0.39195153,2.962619965,0.003050329,0.074547049,2.078494794,,,0.289589746,Up*
ENSG00000256843,2.50270242,-6.245375785,1.645585588,-3.795229997,0.000147507,0.015055597,0.842481448,,,-2.207817128,Down*
ENSG00000257379,18.25106635,20.72408238,2.227624158,9.303222137,1.36253E-20,2.10559E-17,0.858088624,,,20.52978266,Up*
ENSG00000257767,82.15198489,0.960820227,0.25177165,3.816236764,0.000135502,0.006815467,2.078494794,,,0.669763399,Up*
ENSG00000258405,80.42012654,2.663311583,0.512384914,5.197872757,2.01582E-07,2.30521E-05,2.078494794,ZNF578,147660,2.510345236,Up*
ENSG00000258545,19.70514384,-4.497952001,0.692912778,-6.491368238,8.50603E-11,3.90238E-08,0.858088624,RHOXF1-AS1,101928969,-4.141074439,Down*
ENSG00000258932,15.70973205,-2.007719679,0.366914009,-5.471907939,4.45216E-08,1.30723E-05,0.858088624,LOC728755,728755,-1.919727465,Down*
ENSG00000259527,14.24713946,-3.174753643,0.650469153,-4.880713604,1.05703E-06,0.000237678,0.842481448,LINC00052,145978,-2.899123407,Down*
ENSG00000259692,38.31443262,-0.827782361,0.237710943,-3.482306504,0.000497114,0.019640356,2.017914586,,,-0.48812442,Down*
ENSG00000259937,2.674648647,-2.636823934,0.869460916,-3.032711289,0.002423674,0.096920573,1.097641776,,,-0.513584612,Down*
ENSG00000260197,70.45039768,-4.46403548,0.64480368,-6.923092432,4.41889E-12,1.57012E-09,1.541475579,,,-4.153571496,Down*
ENSG00000260518,22.27090855,-1.151462505,0.27558207,-4.178292536,2.93706E-05,0.003992489,0.842481448,,,-0.899342529,Down*
ENSG00000260691,68.05270952,1.78274225,0.337142993,5.287792686,1.23801E-07,1.43347E-05,2.154407114,ANKRD20A1,84210,1.681820117,Up*
ENSG00000260869,1.861372508,-9.108092763,2.055879269,-4.430266359,9.41168E-06,0.010756981,0.081044224,,,-5.60821255,Down*
ENSG00000260923,48.43034921,0.913929847,0.329172066,2.776450199,0.005495605,0.098910045,2.43456659,,,0.20759614,Up*
ENSG00000261200,111.791266,-0.683347886,0.169601668,-4.029134232,5.59826E-05,0.003231466,2.078494794,,,-0.55436202,Down*
ENSG00000261227,11.2519064,-2.899172835,0.743667077,-3.898482163,9.67975E-05,0.011041934,0.803157611,,,-2.028621312,Down*
ENSG00000261308,152.7947565,-0.91512618,0.234173102,-3.907904762,9.31E-05,0.004713291,2.154407114,FIGNL2,401720,-0.6727876,Down*
ENSG00000261770,35.19843109,2.560414087,0.521154192,4.912968417,8.97077E-07,8.59917E-05,2.154407114,,,2.390062157,Up*
ENSG00000261824,615.5481195,2.406778391,0.200034395,12.03182277,2.41763E-33,1.45441E-29,0.69801811,LINC00662,148189,2.38672528,Up*
ENSG00000261963,10.01938661,1.431261575,0.423159258,3.382323674,0.000718754,0.051178201,0.842481448,,,0.602387715,Up*
ENSG00000262526,5.701535857,17.75932516,4.548821882,3.904159279,9.45535E-05,0.010434276,0.842481448,,,4.462777121,Up*
ENSG00000262560,1.514526925,24.68029256,4.523920742,5.455509495,4.88326E-08,5.48854E-05,0.188373702,,,23.6761241,Up*
ENSG00000262621,27.21497912,-2.61369925,0.507366064,-5.151505858,2.58403E-07,2.73023E-05,2.187691391,,,-2.462712328,Down*
ENSG00000262700,9.692404347,-1.191774328,0.357293731,-3.335559022,0.000851281,0.057843225,0.842481448,LOC100421173,100421173,-0.50481896,Down*
ENSG00000262877,298.5730119,-1.646819046,0.293055675,-5.619475016,1.91539E-08,6.06957E-06,0.845833024,,,-1.559137999,Down*
ENSG00000263711,63.88001784,4.270151208,0.995426339,4.289771169,1.78857E-05,0.001170368,2.187691391,LINC02864,400655,3.306018899,Up*
ENSG00000263809,5.0805948,21.72637029,4.548023309,4.77710179,1.7784E-06,0.000604128,0.469415415,,,19.3311248,Up*
ENSG00000263874,73.9679745,-0.979952268,0.243961983,-4.016823677,5.89878E-05,0.004304196,1.541475579,LINC00672,100505576,-0.739890774,Down*
ENSG00000264943,4.637535669,-2.758090417,0.74101486,-3.722044678,0.000197616,0.019640356,0.803157611,,,-1.6548124,Down*
ENSG00000265798,5.226211993,-1.811248769,0.549717214,-3.29487366,0.000984659,0.063463214,0.842481448,,,-0.637633486,Down*
ENSG00000266256,15.7997813,1.431343412,0.448789153,3.189344936,0.001425956,0.081464012,0.842481448,LINC00908,284276,0.453670874,Up*
ENSG00000267041,102.6791304,-0.617880485,0.198506657,-3.112643647,0.001854198,0.053714349,2.017914586,ZNF850,342892,-0.292214015,Down*
ENSG00000267254,38.27173007,1.215868206,0.258795617,4.698179282,2.62491E-06,0.00024458,2.017914586,ZNF790-AS1,284408,1.04298829,Up*
ENSG00000267264,9.859902103,2.148244461,0.620736397,3.460799899,0.000538573,0.042230116,0.803157611,,,0.957082182,Up*
ENSG00000267374,25.79385165,-1.202341167,0.368394812,-3.263729908,0.001099559,0.031785448,2.43456659,MIR924HG,647946,-0.461028478,Down*
ENSG00000267413,4.277745363,-2.582376005,0.650955031,-3.967057449,7.27655E-05,0.013655772,0.469415415,,,-1.930710953,Down*
ENSG00000267575,91.44981098,2.927596671,0.441546092,6.630330845,3.34935E-11,6.99455E-09,2.154407114,LOC101927151,101927151,2.815146154,Up*
ENSG00000267645,274.8762181,-0.972997749,0.276468325,-3.519382371,0.000432553,0.016716724,2.187691391,POLR2J2,246721,-0.551529289,Down*
ENSG00000267793,16.38688646,-3.634236911,0.682383687,-5.325796879,1.00511E-07,1.71688E-05,1.446071393,,,-3.326864011,Down*
ENSG00000268654,35.63642672,3.971484876,1.048301064,3.788496464,0.000151562,0.007468269,2.078494794,MIMT1,100073347,2.196063044,Up*
ENSG00000268658,19.8276664,-1.21322332,0.325388576,-3.728536927,0.000192595,0.023517686,0.63291661,LINC00664,400680,-0.760219325,Down*
ENSG00000269001,134.0942035,0.613290473,0.198780445,3.085265613,0.002033704,0.054927083,2.154407114,,,0.282370268,Up*
ENSG00000269274,3.144123204,-2.657981424,0.730111969,-3.640512054,0.000272096,0.019640356,1.097641776,,,-1.462081816,Down*
ENSG00000269699,67.72067793,6.086000885,1.191175111,5.109241143,3.23455E-07,3.67141E-05,2.017914586,ZIM2,23619,5.008925839,Up*
ENSG00000270112,3.299272868,-3.174399612,0.869478774,-3.65092249,0.0002613,0.035785904,0.494065884,,,-1.66995164,Down*
ENSG00000270689,3.858872411,2.521210556,0.782414824,3.222345075,0.001271459,0.078676054,0.803157611,,,0.724066299,Up*
ENSG00000270953,2114.182716,0.688741344,0.196394873,3.506921209,0.000453323,0.057388383,0.453350343,,,0.444024484,Up*
ENSG00000271153,1.102513981,16.87081076,4.541978842,3.714418616,0.000203671,0.060535708,0.188373702,RPL23AP88,100289034,2.503577147,Up*
ENSG00000271254,1545.168075,0.402555983,0.108398868,3.713654851,0.000204287,0.029727564,0.498961552,LOC102724250,102724250,0.309556468,Up*
ENSG00000272054,40.29289938,1.854308027,0.421650672,4.397735259,1.09386E-05,0.000763497,2.187691391,,,1.618044692,Up*
ENSG00000272162,5.161541808,4.351495243,1.307041335,3.32927133,0.000870735,0.071360066,0.63291661,,,1.019292618,Up*
ENSG00000272234,5.482189678,-1.90644441,0.550318756,-3.464254833,0.000531703,0.062246775,0.469415415,,,-0.863028444,Down*
ENSG00000272316,391.7161292,1.421761005,0.362819513,3.918645368,8.9048E-05,0.009510002,0.890250356,,,1.001319007,Up*
ENSG00000272462,28.86945065,0.948007615,0.230456398,4.113609436,3.8952E-05,0.002431709,2.017914586,,,0.740991205,Up*
ENSG00000272541,10.98600617,5.209741062,0.766508472,6.796716873,1.0703E-11,6.33496E-09,0.803157611,,,4.753816095,Up*
ENSG00000272578,194.9126935,0.460104831,0.15509628,2.966575547,0.003011364,0.071360066,2.187691391,,,0.20790504,Up*
ENSG00000272674,206.0780342,0.778404568,0.170718448,4.559580858,5.12558E-06,0.000413392,2.154407114,PCDHB16,57717,0.672975812,Up*
ENSG00000272758,48.62313257,-0.517937489,0.181996393,-2.845866783,0.004429072,0.095191694,2.078494794,WDR5B-DT,102723582,-0.194400697,Down*
ENSG00000272983,112.7093739,2.242163698,0.315685166,7.102531067,1.22492E-12,3.20616E-10,2.187691391,,,2.192056379,Up*
ENSG00000272994,176.985101,-0.386588015,0.084044987,-4.599774795,4.22948E-06,0.00034589,2.154407114,,,-0.3472571,Down*
ENSG00000273045,101.9977659,0.638632031,0.171311795,3.727892928,0.000193087,0.009201617,2.017914586,C2orf15,150590,0.474637523,Up*
ENSG00000273295,81.07641008,-0.844636037,0.173181401,-4.877175208,1.07616E-06,0.000104359,2.078494794,,,-0.741838022,Down*
ENSG00000273367,2.790110102,-2.759219141,0.707193902,-3.901644417,9.55414E-05,0.010978492,0.803157611,,,-1.953820378,Down*
ENSG00000273588,8.269791533,-3.448271385,0.550873686,-6.259640777,3.85865E-10,1.697E-07,0.842481448,,,-3.253349825,Down*
ENSG00000273687,2.783631316,3.388707121,1.076875564,3.146795445,0.001650704,0.09263412,0.803157611,,,0.70456508,Up*
ENSG00000273906,9.723592666,-3.297731914,0.785900552,-4.196118585,2.71528E-05,0.003907256,0.803157611,,,-2.65663545,Down*
ENSG00000274423,1.130232285,-32.32713862,4.519585016,-7.15267851,8.51008E-13,4.19957E-09,0.100109029,,,-31.11504793,Down*
ENSG00000274471,491.9626729,-0.724441456,0.167790797,-4.317527959,1.57786E-05,0.002213272,0.902601561,HERC2P7,100132101,-0.614841317,Down*
ENSG00000274602,1208.605885,0.5022917,0.119970265,4.186801639,2.82913E-05,0.006551215,0.453350343,PI4KAP1,728233,0.433184192,Up*
ENSG00000274605,18.1589905,-1.12919837,0.310630979,-3.635176291,0.000277791,0.03106243,0.63291661,PCCA-DT,105370333,-0.668809048,Down*
ENSG00000275202,18.91188497,1.034552361,0.253138429,4.086903616,4.37169E-05,0.003565141,1.446071393,,,0.792768534,Up*
ENSG00000276256,447.3319593,-0.670137521,0.102900289,-6.51249404,7.39131E-11,3.27491E-08,0.902601561,LOC389831,389831,-0.634256567,Down*
ENSG00000276345,2.878517802,-27.89592289,4.525424177,-6.164266995,7.08104E-10,2.25745E-07,1.097641776,LOC107987373,107987373,-26.84514153,Down*
ENSG00000276550,4015.523474,-0.656707803,0.113870858,-5.767127922,8.06338E-09,2.45951E-06,0.971773344,HERC2P2,400322,-0.612759107,Down*
ENSG00000276591,6.84606975,-1.945423228,0.457355576,-4.253633998,2.10329E-05,0.0038584,0.63291661,,,-1.646576946,Down*
ENSG00000276690,7.7355361,-9.501545032,2.367468958,-4.013376817,5.98562E-05,0.009129286,0.63291661,,,-3.124126772,Down*
ENSG00000276724,37.95529368,0.877092961,0.299328471,2.930202255,0.003387414,0.078444689,2.154407114,,,0.260789996,Up*
ENSG00000276975,41.18838922,1.094704467,0.37836279,2.893266721,0.003812574,0.087665763,2.017914586,,,0.255781413,Up*
ENSG00000277125,2.851594805,20.27967137,4.53821307,4.468646813,7.8716E-06,0.00132301,0.842481448,,,14.89042479,Up*
ENSG00000277196,14.54211373,-2.355799948,0.736812651,-3.197284877,0.001387278,0.082735421,0.803157611,LOC102724788,102724788,-0.660731335,Down*
ENSG00000277986,1.828263502,6.562362037,1.666908503,3.936845978,8.25596E-05,0.03106243,0.188373702,,,2.749749447,Up*
ENSG00000277998,2.651148508,23.33777354,2.024681027,11.52664209,9.68479E-31,4.13758E-27,0.842481448,EIF3EP3,100462836,23.15674236,Up*
ENSG00000278266,4.054086618,3.22315903,0.778074189,4.142482908,3.43566E-05,0.004685931,0.803157611,,,2.551989531,Up*
ENSG00000278318,608.4649374,2.118664658,0.223268466,9.489314337,2.32559E-21,3.65648E-18,0.890250356,ZNF229,7772,2.094921275,Up*
ENSG00000278662,300.193306,-1.036614458,0.172227201,-6.018877681,1.75631E-09,7.8868E-07,0.728656052,GOLGA6L4,643707,-0.949091602,Down*
ENSG00000278774,2.263351739,26.92778622,4.542165336,5.928402915,3.05895E-09,7.03491E-06,0.115320101,,,25.90096415,Up*
ENSG00000278847,5.977586602,-3.892034665,0.736859096,-5.281925254,1.27833E-07,5.48854E-05,0.494065884,,,-3.520508878,Down*
ENSG00000278897,59.87865225,-1.839543839,0.302985476,-6.071392803,1.26806E-09,2.16494E-07,2.078494794,,,-1.776095021,Down*
ENSG00000278915,4.323512129,-2.707204653,0.761430252,-3.555420402,0.000377375,0.031612522,0.842481448,,,-1.323796106,Down*
ENSG00000278931,12.46530031,5.737836658,1.012996673,5.664220636,1.47694E-08,5.01571E-06,0.81527594,,,4.957620157,Up*
ENSG00000278962,119.8538743,-0.811338591,0.265273716,-3.058495974,0.002224511,0.0600832,2.078494794,,,-0.306283069,Down*
ENSG00000279042,4.000447731,3.373865905,0.949186773,3.554480532,0.000378727,0.047336385,0.494065884,,,1.499347204,Up*
ENSG00000279058,12.3622618,-2.759127065,0.563744924,-4.894282761,9.86649E-07,0.000234478,0.803157611,,,-2.559450665,Down*
ENSG00000279208,13.03446333,3.273250154,0.735994213,4.447385723,8.69217E-06,0.001481917,0.803157611,,,2.833453259,Up*
ENSG00000279227,29.6511323,0.759904946,0.240993322,3.153219933,0.001614801,0.046513557,2.154407114,,,0.336981664,Up*
ENSG00000279233,73.56175889,0.492421811,0.170607604,2.886282915,0.003898216,0.087433419,2.078494794,,,0.19836074,Up*
ENSG00000279305,41.01170802,1.541436184,0.545396729,2.826265911,0.004709415,0.099108275,2.078494794,,,0.254601795,Up*
ENSG00000280145,168.7799776,-0.534075016,0.15628332,-3.417351362,0.000632336,0.023517686,2.078494794,,,-0.346365652,Down*
ENSG00000281091,15.96588218,1.460975409,0.339705707,4.300709054,1.70252E-05,0.00247471,0.858088624,,,1.200895972,Up*
ENSG00000281468,27.92309866,2.123851932,0.535044785,3.969484406,7.20283E-05,0.003532755,2.43456659,,,1.598962958,Up*
ENSG00000281880,7.937882416,-2.500789533,0.573030883,-4.364144421,1.27621E-05,0.001936745,0.858088624,PAX6-AS1,440034,-2.193435668,Down*
ENSG00000281938,1.185856704,-8.066696882,2.0842049,-3.870395315,0.000108659,0.03024862,0.259327826,,,-2.322672603,Down*
ENSG00000282143,1.00509514,-23.25571028,4.547617262,-5.113823117,3.15703E-07,0.000326517,0.176526061,,,-21.99592615,Down*
ENSG00000282393,356.7409175,0.402185254,0.128225872,3.136537473,0.001709556,0.079088279,1.063691227,,,0.221097467,Up*
ENSG00000282944,93.82457336,-2.949722399,0.324085986,-9.101666006,8.89566E-20,4.93857E-17,2.078494794,,,-2.888122793,Down*
ENSG00000283352,28.73331388,2.563321329,0.599192305,4.277961024,1.88613E-05,0.00132301,2.017914586,LINC00680-GUSBP4,106660613,2.197698256,Up*
ENSG00000284194,5.135568697,-12.26941501,3.628421226,-3.381474819,0.000720978,0.051214646,0.842481448,SCO2,9997,-0.743634465,Down*
ENSG00000284604,8.975825395,-4.044401152,1.113302021,-3.632797818,0.000280365,0.026097264,0.81527594,,,-1.784221379,Down*
ENSG00000284800,40.90725722,-1.000769112,0.230356916,-4.344428323,1.39639E-05,0.001007794,2.017914586,,,-0.817287322,Down*
ENSG00000284989,1.686417748,28.98395805,4.528402402,6.400481998,1.54887E-10,4.45258E-07,0.115320101,,,27.89248265,Up*
ENSG00000285304,6.359997904,32.64870488,4.147151315,7.872561768,3.47452E-15,4.1913E-12,0.63291661,,,31.61186263,Up*
ENSG00000285314,2.763219111,18.12298943,4.500060037,4.027277254,5.64265E-05,0.008774268,0.63291661,,,6.219788474,Up*
ENSG00000285329,9.145674945,-2.973370123,0.568490978,-5.230285502,1.69248E-07,5.6145E-05,0.63291661,,,-2.779589792,Down*
ENSG00000285330,11.46511153,5.745133145,1.751996931,3.279191329,0.00104105,0.068036827,0.803157611,,,0.794177204,Up*
ENSG00000285565,4.881003628,7.74726967,2.400655368,3.227147791,0.001250309,0.090330309,0.63291661,,,0.550342531,Up*
ENSG00000285644,38.91585612,-2.186451242,0.33472651,-6.532052811,6.48743E-11,1.26634E-08,2.187691391,,,-2.128242916,Down*
ENSG00000285658,4.922109293,3.652697609,0.771851368,4.732384705,2.21897E-06,0.000702839,0.494065884,,,3.226058849,Up*
ENSG00000285756,1158.061577,0.611792929,0.172653796,3.543466428,0.000394904,0.055711356,0.409614407,LOC389906,389906,0.417528706,Up*
ENSG00000285763,8.129797137,-1.909523315,0.464817319,-4.108115676,3.989E-05,0.005076338,0.842481448,,,-1.530993891,Down*
ENSG00000285804,78.89427009,-0.556829739,0.189701206,-2.93529889,0.003332265,0.080630892,2.017914586,,,-0.22532233,Down*
ENSG00000285819,11.15226776,-4.924303515,0.731812089,-6.728917965,1.70929E-11,9.2449E-09,0.803157611,,,-4.513063699,Down*